/* Populate tables */
INSERT INTO clientes(id, nombre, apellido, email, create_at, foto) VALUES(1,'Ronald', 'Ure', 'roneduardo2014@gmail.com', '2022-05-04', '');
INSERT INTO clientes(id, nombre, apellido, email, create_at, foto) VALUES(2,'Glevi', 'Escalante', 'glevimar@gmail.com', '2021-05-04', '');
INSERT INTO clientes(id, nombre, apellido, email, create_at, foto) VALUES(3,'Ronald', 'Ure', 'roneduardo2014@gmail.com', '2022-05-04', '');
INSERT INTO clientes(id, nombre, apellido, email, create_at, foto)VALUES(4,'Glevi', 'Escalante', 'glevimar@gmail.com', '2021-05-04', '');
INSERT INTO clientes(id, nombre, apellido, email, create_at, foto) VALUES(5,'Ronald', 'Ure', 'roneduardo2014@gmail.com', '2022-05-04', '');
INSERT INTO clientes(id, nombre, apellido, email, create_at, foto) VALUES(6,'Glevi', 'Escalante', 'glevimar@gmail.com', '2021-05-04', '');
INSERT INTO clientes(id, nombre, apellido, email, create_at, foto) VALUES(7,'Ronald', 'Ure', 'roneduardo2014@gmail.com', '2022-05-04', '');
INSERT INTO clientes(id, nombre, apellido, email, create_at, foto) VALUES(8,'Glevi', 'Escalante', 'glevimar@gmail.com', '2021-05-04', '');
INSERT INTO clientes(id, nombre, apellido, email, create_at, foto) VALUES(9,'Ronald', 'Ure', 'roneduardo2014@gmail.com', '2022-05-04', '');
INSERT INTO clientes(id, nombre, apellido, email, create_at, foto) VALUES(10,'Glevi', 'Escalante', 'glevimar@gmail.com', '2021-05-04', '');
INSERT INTO clientes(id, nombre, apellido, email, create_at, foto) VALUES(11,'Ronald', 'Ure', 'roneduardo2014@gmail.com', '2022-05-04', '');
INSERT INTO clientes(id, nombre, apellido, email, create_at, foto) VALUES(12,'Glevi', 'Escalante', 'glevimar@gmail.com', '2021-05-04', '');
INSERT INTO clientes(id, nombre, apellido, email, create_at, foto) VALUES(13,'Ronald', 'Ure', 'roneduardo2014@gmail.com', '2022-05-04', '');
INSERT INTO clientes(id, nombre, apellido, email, create_at, foto) VALUES(14,'Glevi', 'Escalante', 'glevimar@gmail.com', '2021-05-04', '');
INSERT INTO clientes(id, nombre, apellido, email, create_at, foto) VALUES(15,'Ronald', 'Ure', 'roneduardo2014@gmail.com', '2022-05-04', '');
INSERT INTO clientes(id, nombre, apellido, email, create_at, foto) VALUES(16,'Glevi', 'Escalante', 'glevimar@gmail.com', '2021-05-04', '');
INSERT INTO clientes(id, nombre, apellido, email, create_at, foto) VALUES(17,'Ronald', 'Ure', 'roneduardo2014@gmail.com', '2022-05-04', '');
INSERT INTO clientes(id, nombre, apellido, email, create_at, foto) VALUES(18,'Glevi', 'Escalante', 'glevimar@gmail.com', '2021-05-04', '');
INSERT INTO clientes(id, nombre, apellido, email, create_at, foto) VALUES(19,'Ronald', 'Ure', 'roneduardo2014@gmail.com', '2022-05-04', '');
INSERT INTO clientes(id, nombre, apellido, email, create_at, foto) VALUES(20,'Glevi', 'Escalante', 'glevimar@gmail.com', '2021-05-04', '');
INSERT INTO clientes(id, nombre, apellido, email, create_at, foto) VALUES(21,'Ronald', 'Ure', 'roneduardo2014@gmail.com', '2022-05-04', '');
INSERT INTO clientes(id, nombre, apellido, email, create_at, foto) VALUES(22,'Glevi', 'Escalante', 'glevimar@gmail.com', '2021-05-04', '');
INSERT INTO clientes(id, nombre, apellido, email, create_at, foto) VALUES(23,'Ronald', 'Ure', 'roneduardo2014@gmail.com', '2022-05-04', '');
INSERT INTO clientes(id, nombre, apellido, email, create_at, foto) VALUES(24,'Glevi', 'Escalante', 'glevimar@gmail.com', '2021-05-04', '');
INSERT INTO clientes(id, nombre, apellido, email, create_at, foto) VALUES(25,'Ronald', 'Ure', 'roneduardo2014@gmail.com', '2022-05-04', '');
INSERT INTO clientes(id, nombre, apellido, email, create_at, foto) VALUES(26,'Glevi', 'Escalante', 'glevimar@gmail.com', '2021-05-04', '');
INSERT INTO clientes(id, nombre, apellido, email, create_at, foto) VALUES(27,'Ronald', 'Ure', 'roneduardo2014@gmail.com', '2022-05-04', '');
INSERT INTO clientes(id, nombre, apellido, email, create_at, foto) VALUES(28,'Glevi', 'Escalante', 'glevimar@gmail.com', '2021-05-04', '');
INSERT INTO clientes(id, nombre, apellido, email, create_at, foto) VALUES(29,'Ronald', 'Ure', 'roneduardo2014@gmail.com', '2022-05-04', '');
INSERT INTO clientes(id, nombre, apellido, email, create_at, foto) VALUES(30,'Glevi', 'Escalante', 'glevimar@gmail.com', '2021-05-04', '');
INSERT INTO clientes(id, nombre, apellido, email, create_at, foto) VALUES(31,'Ronald', 'Ure', 'roneduardo2014@gmail.com', '2022-05-04', '');
INSERT INTO clientes(id, nombre, apellido, email, create_at, foto) VALUES(32,'Glevi', 'Escalante', 'glevimar@gmail.com', '2021-05-04', '');
INSERT INTO clientes(id, nombre, apellido, email, create_at, foto) VALUES(33,'Glevi', 'Escalante', 'glevimar@gmail.com', '2021-05-04', '');
INSERT INTO clientes(id, nombre, apellido, email, create_at, foto) VALUES(34,'Glevi', 'Escalante', 'glevimar@gmail.com', '2021-05-04', '');
INSERT INTO clientes(id, nombre, apellido, email, create_at, foto) VALUES(35,'Glevi', 'Escalante', 'glevimar@gmail.com', '2021-05-04', '');
INSERT INTO clientes(id, nombre, apellido, email, create_at, foto) VALUES(36,'Glevi', 'Escalante', 'glevimar@gmail.com', '2021-05-04', '');
INSERT INTO clientes(id, nombre, apellido, email, create_at, foto) VALUES(37,'Glevi', 'Escalante', 'glevimar@gmail.com', '2021-05-04', '');
INSERT INTO clientes(id, nombre, apellido, email, create_at, foto) VALUES(38,'Glevi', 'Escalante', 'glevimar@gmail.com', '2021-05-04', '');
INSERT INTO clientes(id, nombre, apellido, email, create_at, foto) VALUES(39,'Glevi', 'Escalante', 'glevimar@gmail.com', '2021-05-04', '');
INSERT INTO clientes(id, nombre, apellido, email, create_at, foto) VALUES(40,'Glevi', 'Escalante', 'glevimar@gmail.com', '2021-05-04', '');
INSERT INTO clientes(id, nombre, apellido, email, create_at, foto) VALUES(41,'Glevi', 'Escalante', 'glevimar@gmail.com', '2021-05-04', '');
INSERT INTO clientes(id, nombre, apellido, email, create_at, foto) VALUES(42,'Glevi', 'Escalante', 'glevimar@gmail.com', '2021-05-04', '');
INSERT INTO clientes(id, nombre, apellido, email, create_at, foto) VALUES(43,'Glevi', 'Escalante', 'glevimar@gmail.com', '2021-05-04', '');
INSERT INTO clientes(id, nombre, apellido, email, create_at, foto) VALUES(44,'Glevi', 'Escalante', 'glevimar@gmail.com', '2021-05-04', '');
INSERT INTO clientes(id, nombre, apellido, email, create_at, foto) VALUES(45,'Glevi', 'Escalante', 'glevimar@gmail.com', '2021-05-04', '');
INSERT INTO clientes(id, nombre, apellido, email, create_at, foto) VALUES(46,'Glevi', 'Escalante', 'glevimar@gmail.com', '2021-05-04', '');
INSERT INTO clientes(id, nombre, apellido, email, create_at, foto) VALUES(47,'Glevi', 'Escalante', 'glevimar@gmail.com', '2021-05-04', '');
INSERT INTO clientes(id, nombre, apellido, email, create_at, foto) VALUES(48,'Glevi', 'Escalante', 'glevimar@gmail.com', '2021-05-04', '');
INSERT INTO clientes(id, nombre, apellido, email, create_at, foto) VALUES(49,'Glevi', 'Escalante', 'glevimar@gmail.com', '2021-05-04', '');
INSERT INTO clientes(id, nombre, apellido, email, create_at, foto) VALUES(50,'Glevi', 'Escalante', 'glevimar@gmail.com', '2021-05-04', '');
INSERT INTO clientes(id, nombre, apellido, email, create_at, foto) VALUES(51,'Glevi', 'Escalante', 'glevimar@gmail.com', '2021-05-04', '');
INSERT INTO clientes(id, nombre, apellido, email, create_at, foto) VALUES(52,'Glevi', 'Escalante', 'glevimar@gmail.com', '2021-05-04', '');
INSERT INTO clientes(id, nombre, apellido, email, create_at, foto) VALUES(53,'Glevi', 'Escalante', 'glevimar@gmail.com', '2021-05-04', '');
INSERT INTO clientes(id, nombre, apellido, email, create_at, foto) VALUES(54,'Glevi', 'Escalante', 'glevimar@gmail.com', '2021-05-04', '');
INSERT INTO clientes(id, nombre, apellido, email, create_at, foto) VALUES(55,'Glevi', 'Escalante', 'glevimar@gmail.com', '2021-05-04', '');
INSERT INTO clientes(id, nombre, apellido, email, create_at, foto) VALUES(56,'Glevi', 'Escalante', 'glevimar@gmail.com', '2021-05-04', '');
INSERT INTO clientes(id, nombre, apellido, email, create_at, foto) VALUES(57,'Glevi', 'Escalante', 'glevimar@gmail.com', '2021-05-04', '');
INSERT INTO clientes(id, nombre, apellido, email, create_at, foto) VALUES(58,'Glevi', 'Escalante', 'glevimar@gmail.com', '2021-05-04', '');
INSERT INTO clientes(id, nombre, apellido, email, create_at, foto) VALUES(59,'Glevi', 'Escalante', 'glevimar@gmail.com', '2021-05-04', '');
INSERT INTO clientes(id, nombre, apellido, email, create_at, foto) VALUES(60,'Glevi', 'Escalante', 'glevimar@gmail.com', '2021-05-04', '');
INSERT INTO clientes(id, nombre, apellido, email, create_at, foto) VALUES(61,'Glevi', 'Escalante', 'glevimar@gmail.com', '2021-05-04', '');
INSERT INTO clientes(id, nombre, apellido, email, create_at, foto) VALUES(62,'Glevi', 'Escalante', 'glevimar@gmail.com', '2021-05-04', '');
INSERT INTO clientes(id, nombre, apellido, email, create_at, foto) VALUES(63,'Glevi', 'Escalante', 'glevimar@gmail.com', '2021-05-04', '');


/*Populate tabla producto*/
INSERT INTO productos (id,nombre, precio, create_at) VALUES (1,'Vacuna antirrabica', 250, NOW());
INSERT INTO productos (id,nombre, precio, create_at) VALUES (2,'Vacuna sextuple', 300, NOW());
INSERT INTO productos (id,nombre, precio, create_at) VALUES (3,'desparasitar', 50, NOW());
INSERT INTO productos (id,nombre, precio, create_at) VALUES (4,'Pipeta antipulgas' , 50, NOW());
INSERT INTO productos (id,nombre, precio, create_at) VALUES (5,'Esterelizacion', 500, NOW());
INSERT INTO productos (id,nombre, precio, create_at) VALUES (6,'Hematologia', 100,NOW());
INSERT INTO productos (id,nombre, precio, create_at) VALUES (7,'Servicio Peluqueria', 100, NOW());

/* Creamos algunas facturas */
INSERT INTO facturas (id, descripcion, observacion, cliente_id, create_at) VALUES(1, 'Factura equipos de oficina', null, 1, NOW());
INSERT INTO facturas_items (cantidad, factura_id, producto_id) VALUES(1, 1, 1);  
INSERT INTO facturas_items (cantidad, factura_id, producto_id) VALUES(2, 1, 4);  
INSERT INTO facturas_items (cantidad, factura_id, producto_id) VALUES(1, 1, 5);  
INSERT INTO facturas_items (cantidad, factura_id, producto_id) VALUES(1, 1, 7);  


INSERT INTO facturas (id, descripcion, observacion, cliente_id, create_at) VALUES(2,'Factura Bicicleta', 'Alguna nota importante!', 1, NOW());
INSERT INTO facturas_items (cantidad, factura_id, producto_id) VALUES(3, 2, 6);



/*creamos algunos usuarios con sus roles*/

INSERT INTO `users` (id,username, password, enable) VALUES (1,'ronald','$2a$10$pRjFJ7nw7Zy4FFgE2YzZcuFFmxxkAr4NQ5GAvdJN4OE3Mh7dUWqVa',1);
INSERT INTO `users` (id,username, password, enable) VALUES (2,'admin','$2a$10$0VGpd.owMXpcPfUQQ453dusPpislijkE0MhoC10HBTx/8mYcyvCp6',1);

INSERT INTO `authorities` (user_id, authority) VALUES (1, 'ROLE_USER');
INSERT INTO `authorities` (user_id, authority) VALUES (2, 'ROLE_ADMIN');
INSERT INTO `authorities` (user_id, authority) VALUES (2, 'ROLE_USER');